<?xml version="1.0" encoding="UTF-8"?>
<project-private xmlns="http://www.netbeans.org/ns/project-private/1">
    <editor-bookmarks xmlns="http://www.netbeans.org/ns/editor-bookmarks/2" lastBookmarkId="0"/>
    <open-files xmlns="http://www.netbeans.org/ns/projectui-open-files/2">
        <group>
            <file>file:/C:/Users/Gustavo/Documents/NetBeansProjects/APSv0.1/src/model/PessoaFisica.java</file>
            <file>file:/C:/Users/Gustavo/Documents/NetBeansProjects/APSv0.1/src/model/ItemDoacao.java</file>
            <file>file:/C:/Users/Gustavo/Documents/NetBeansProjects/APSv0.1/src/apsv0/pkg1/APSv01.java</file>
            <file>file:/C:/Users/Gustavo/Documents/NetBeansProjects/APSv0.1/src/model/PessoaJuridica.java</file>
            <file>file:/C:/Users/Gustavo/Documents/NetBeansProjects/APSv0.1/src/model/Doacao.java</file>
            <file>file:/C:/Users/Gustavo/Documents/NetBeansProjects/APSv0.1/src/model/Alimento.java</file>
            <file>file:/C:/Users/Gustavo/Documents/NetBeansProjects/APSv0.1/src/model/Doador.java</file>
        </group>
    </open-files>
</project-private>
